{"cameraMode":{"drawMode":0,"name":"Shaded","section":"Shading Mode"},"sceneLighting":false,"audioPlay":false,"sceneViewState":{"showFog":true,"showMaterialUpdate":false,"showSkybox":false,"showFlares":true,"showImageEffects":true,"showParticleSystems":true},"in2DMode":false,"pivot":{"x":-0.36036908626556399,"y":0.0065642595291137699,"z":-0.27422165870666506},"rotation":{"x":0.24301724135875703,"y":-0.10303935408592224,"z":0.026155080646276475,"w":0.9642717838287354},"size":20.614225387573243,"orthographic":false}