{"cameraMode":{"drawMode":0,"name":"Shaded","section":"Shading Mode"},"sceneLighting":false,"audioPlay":false,"sceneViewState":{"showFog":true,"showMaterialUpdate":false,"showSkybox":false,"showFlares":true,"showImageEffects":true,"showParticleSystems":true},"in2DMode":false,"pivot":{"x":-18.377477645874025,"y":3.915222406387329,"z":8.29389762878418},"rotation":{"x":0.12427044659852982,"y":0.7874757647514343,"z":-0.16849838197231294,"w":0.5799296498298645},"size":69.32171630859375,"orthographic":false}