{"cameraMode":{"drawMode":0,"name":"Shaded","section":"Shading Mode"},"sceneLighting":false,"audioPlay":false,"sceneViewState":{"showFog":true,"showMaterialUpdate":false,"showSkybox":false,"showFlares":true,"showImageEffects":true,"showParticleSystems":true},"in2DMode":false,"pivot":{"x":-0.006004810333251953,"y":3.341028928756714,"z":0.005489826202392578},"rotation":{"x":0.004516551736742258,"y":0.9346172213554382,"z":-0.35595187544822695,"w":0.010481308214366436},"size":35.84392547607422,"orthographic":false}