{"cameraMode":{"drawMode":0,"name":"Shaded","section":"Shading Mode"},"sceneLighting":true,"audioPlay":false,"sceneViewState":{"showFog":true,"showMaterialUpdate":false,"showSkybox":true,"showFlares":true,"showImageEffects":true,"showParticleSystems":true},"in2DMode":false,"pivot":{"x":-276.83013916015627,"y":211.4141082763672,"z":375.4853515625},"rotation":{"x":-0.08745096623897553,"y":0.03192756325006485,"z":0.0033132259268313648,"w":0.9959098100662231},"size":714.2694091796875,"orthographic":false}